EVENT,FOR,WHERE,CITY,STATE,DAY,DATE,CREATED
Seminar,Brian Glick,First Colony BJJ,Marblehead,MA,Thursday,9/25/2025,
Seminar,Mike Wacker,Black Hole Jiu Jitsu,Seymour,CT,Friday,9/26/2025,
Seminar,Christos Papadelos,Lauzon MMA,Canton,MA,Sunday,9/28/2025,
Seminar,Rigor Monteiro de Oliveira,TMC Danbury BJJ,Danbury,CT,Wednesday,10/01/2025,
Seminar,Rigor Monteiro de Oliveira,TMC Danbury BJJ,Danbury,CT,Thursday,10/02/2025,
Seminar,Leandro “Tatu” Escobar,Underdog MMA,W. Hartford,CT,Thursday,10/02/2025,
Seminar,Mayara Custodio,Gracie Barra,S. Portland,ME,Friday,10/03/2025,
Seminar,Sean Rubchinuk,FCF MMA,Brunswick,ME,Saturday,10/04/2025,
Seminar,Keith Charest,Clandestine Submissions,Sanford,ME,Saturday,10/04/2025,
Seminar,Mayara Custodio,Gracie Barra,Braintree,MA,Saturday,10/04/2025,
Open House,1 Year Anniversary,SBG East Coast,Dartmouth,MA,Saturday,10/04/2025,
Women's Only,Women’s Only Open Mat,Radius Martial Arts,Fairfield,CT,Sunday,10/05/2025,
Seminar,Anthony “Scissorhands” Edwards,Atlas JiuJitsu,Waltham,MA,Monday,10/06/2025,
Charity Event,Roll - A - Thon for Tanner Lamagna,New England Top Team,Salem,NH,Friday,10/10/2025,
Workshop,The Art of the Choke,Danny Savery,Bristol,RI,Saturday,10/11/2025,
Women's Only,Women’s Only Open Mat,Fenix BJJ,Woburn,MA,Saturday,10/11/2025,
Women's Only,Self Defense - Fernanda Araujo,Defensive Edge MMA,Wakefield,MA,Saturday,10/11/2025,
Seminar,Rafael Formiga,Dedeco,Weymouth,MA,Saturday,10/11/2025,
Seminar,Jansen Gomes,Alexey BJJ,Westbrook,ME,Saturday,10/11/2025,
Comp,Grappling Industries,,Hanover,MA,Saturday,10/11/2025,
Seminar,Aaron Hughes,South Coast Muay Thai,New Bedford,MA,Sunday,10/12/2025,
Seminar,Christos Papadelos,Mom’s Basement MMA,Mattapoisett,MA,Sunday,10/12/2025,
Open Mat,Fight Club Vol XV,Iron Lion Team,Bridgeport,CT,Sunday,10/12/2025,
Women's Only,Alana Norton - No Gi Class,Z Team Jiu Jitsu,Fitchburg,MA,Tuesday,10/14/2025,
Women's Only,Self Defense - Fernanda Araujo,Defensive Edge MMA,Wakefield,MA,Saturday,10/18/2025,
Women's Only,Women’s Only Open Mat,Nostros MMA,Somersworth,NH,Saturday,10/18/2025,
Seminar,Keith Krikorian,Broadway Jiu Jitsu,Boston,MA,Saturday,10/18/2025,
Seminar,Marne Chiccarelli,Blue Collar Jiu Jitsu,Mendon,MA,Saturday,10/18/2025,
Open House,Valle BJJ - 3 Year Anniversary,Valle JiuJitsu,Londonderry,NH,Saturday,10/18/2025,
Comp (Invite),CS/R Tournament,,Mansfield,MA,Saturday,10/18/2025,
Seminar,Keith Krikorian,Ironhold Jiu Jitsu,Agawam,MA,Sunday,10/19/2025,
Seminar,Fellipe Andrew,Binda Jiu Jitsu,Haverhill,MA,Monday,10/20/2025,
Seminar,Leticia Cardozo,Binda Jiu Jitsu,Haverhill,MA,Tuesday,10/21/2025,
Seminar,Charles Harriott,Team Lawton Martial Arts,Farmingdale,ME,Wednesday,10/22/2025,
Kids Event,Haunted House,Newport Martial Arts,Newport,RI,Friday,10/24/2025,
Kids Event,Ghostly Grapplers Halloween Party,Renzo Gracie Academy,Milford,CT,Friday,10/24/2025,
Women's Only,Mayara Custodio - Seminar,Gracie Barra,Braintree,MA,Saturday,10/25/2025,
Seminar,Darkside Jiu Jitsu,Virtue Martial Arts,Waltham,MA,Saturday,10/25/2025,
Seminar,Rory Connors,Connors Martial Arts Academy,Norwood,MA,Saturday,10/25/2025,
Seminar,Catch Wrestling - Joel Bane,Snake Pit USA MMA,Billerica,MA,Saturday,10/25/2025,
Seminar,Paulinho - Kids Seminar,Gentle Art Dojo,Chelmsford,MA,Saturday,10/25/2025,
Seminar,Aaron Tiegs,Mission First BJJ,Middletown,RI,Saturday,10/25/2025,
Seminar,Mike Pellegrino,Acadia Brazilian Jiu Jitsu,Ellsworth,ME,Saturday,10/25/2025,
Comp,Fuji BJJ State Championship,,Middletown,CT,Saturday,10/25/2025,
Workshop,Bulletproof Your Body for BJJ,Team Forsa,Woburn,MA,Sunday,10/26/2025,
Seminar,Christos Papadelos,Daniel Gracie Academy,Plymouth,MA,Sunday,10/26/2025,
Comp,Flow Sub Only 7,,Rockland,ME,Sunday,10/26/2025,
Comp,Charity - Arm Bars Against MS,,Waterbury,CT,Sunday,10/26/2025,
Seminar,Rodrigo Castro,Gracie Gym,Windham,ME,Wednesday,10/29/2025,
Seminar,Charles Harriott,Lauzon MMA,Canton,MA,Wednesday,10/29/2025,
Open Mat,Halloween Open Mat,Technique BJJ,Prospect,CT,Wednesday,10/29/2025,
Seminar,Carlson Gracie Jr,Broadway Jiu Jitsu,Boston,MA,Friday,10/31/2025,
Seminar,Carlson Gracie Jr,Carlson Gracie RI,Westerly,RI,Saturday,11/01/2025,
Seminar,Mayara Custodio,EP Martial Arts,E. Providence,RI,Saturday,11/01/2025,
Open Mat,Spooky Sparring - Open Mat,Pajama Strangle Time,Providence,RI,Saturday,11/01/2025,
Open House,2 Year Anniversary - Party/Promo,NESF,Arlington,MA,Saturday,11/01/2025,
Grand Opening,Grand Opening,Ironhold Jiu Jitsu,Agawam,MA,Saturday,11/01/2025,
Comp (Invite),Combat Zone Ninety,,Manchester,NH,Saturday,11/01/2025,
Comp,Gaman Submission Challenge,,Trumbull,CT,Saturday,11/01/2025,
Charity Event,Veterans Day Ruck & Roll,Fenix BJJ,Tewksbury,MA,Saturday,11/01/2025,
Workshop,Bulletproof Your Body for BJJ,Team Forsa,Woburn,MA,Sunday,11/02/2025,
Women's Only,Women’s Only Open Mat,Solid Base BJJ,Southington,CT,Sunday,11/02/2025,
Women's Only,Women’s Only Open Mat,Radius Martial Arts,Fairfield,CT,Sunday,11/02/2025,
Seminar,Carlson Gracie Jr,Carlson Gracie CT,New Haven,CT,Sunday,11/02/2025,
Seminar,Mayara Custodio,Renzo Gracie Academy,Smithfield,RI,Sunday,11/02/2025,
Open Mat,Mega Mat Open Mat,Team Santos,Pawtucket,RI,Sunday,11/02/2025,
Seminar,Paulo PiuPiu Silva,Submit Your Friend Academy,Boston,MA,Wednesday,11/05/2025,
Seminar,Tommy Wales,Manchester BJJ,Manchester,CT,Friday,11/07/2025,
Seminar,Nathan Eisenberg,Elements MMA,Keene,NH,Friday,11/07/2025,
Seminar,Matt Thornton,SBG East Coast,Dartmouth,MA,Saturday,11/08/2025,
Seminar,Helena Cravar,Integrated Martial Arts,Worcester,MA,Saturday,11/08/2025,
Seminar,Technique / Belt Test / Shark Tank,Plainville Martial Arts,Plainville,CT,Saturday,11/08/2025,
Comp,Tap Cancer Out,,Danvers,MA,Saturday,11/08/2025,
Seminar,Matt Thornton,SBG East Coast,Dartmouth,MA,Sunday,11/09/2025,
Seminar,Vitor Vianna,Daniel Gracie Academy,Hyannis,MA,Sunday,11/09/2025,
Comp,Tap Cancer Out,,Danvers,MA,Sunday,11/09/2025,
Charity Event,Veterans Day Ruck & Roll,Nostros MMA,Somersworth,NH,Sunday,11/09/2025,
Charity Event,We Defy Veterans Day Open Mat,F.I.T.E. FIT,Glastonbury,CT,Sunday,11/09/2025,
Open Mat,Veterans Day Open Mat,BattleGround JiuJitsu,W. Springfield,MA,Tuesday,11/11/2025,
Workshop,Master Alvaro Romano - Mobility,Bernardo Faria Academy,Bedford,MA,Wednesday,11/12/2025,
Women's Only,Women’s Only Open Mat,Fenix BJJ,Tewksbury,MA,Saturday,11/15/2025,
Seminar,Josh Barnett,Tri-Force Training Center,Pawtucket,RI,Saturday,11/15/2025,
Seminar,Junny Ocasio,Aqueous BJJ,Bedford,NH,Saturday,11/15/2025,
Seminar,Andre Dedeco,Unita BJJ,Lebanon,NH,Saturday,11/15/2025,
Seminar,Chris Piscione & Michelle Ribeck,Umass Lowell BJJ,Lowell,MA,Saturday,11/15/2025,
Comp,NAGA Grappling,,Hanover,MA,Saturday,11/15/2025,
Women's Only,Chokes For Chicks Womens Open,Pajama Strangle Time,Providence,RI,Sunday,11/16/2025,
Workshop,Breathe and Plunge for Athletes,Lauzon MMA,Canton,MA,Sunday,11/16/2025,
Comp (Invite),Z Team Invitational IV,Z Team Jiu Jitsu,Fitchburg,MA,Sunday,11/16/2025,
Women's Only,All Women’s Open Mat,Team Flo,Tyngsboro,MA,Tuesday,11/18/2025,
Seminar,Nicholas Meregali,Broadway Jiu Jitsu,Boston,MA,Friday,11/21/2025,
Seminar,Jake Smith,Umass Amherst,Amherst,MA,Saturday,11/22/2025,
Seminar,Nicholas Meregali,Daniel Gracie Academy,Northborough,MA,Saturday,11/22/2025,
Seminar,Joe Moreira,Combate Real School,Southbridge,MA,Saturday,11/22/2025,
Seminar,Greg Souders,Greenwich Jiu Jiutsu Academy,Greenwich,CT,Saturday,11/22/2025,
Comp (Invite),TLP 21 - Battle Underground,,Windsor,CT,Saturday,11/22/2025,
Seminar,Joe Moreira,Combate Real School,Southbridge,MA,Sunday,11/23/2025,
Comp (Invite),IGC Invitational,,Bristol,CT,Sunday,11/23/2025,
Open Mat,Henry Oberlander Memorial OM,Connors MMA,Norwood,MA,Sunday,11/23/2025,
Seminar,Coach Kia Upperbody Wrestling,Underdog MMA,West Hartford,CT,Tuesday,11/25/2025,
Workshop,Introduction to CLA,Recon MMA,Portland,ME,Wednesday,11/26/2025,
Open Mat,Holiday Open Mat,Unit 232,Littleton,MA,Wednesday,11/26/2025,
Open Mat,Thanksgiving Day Open Mat,Hammer Jiu Jitsu,Fairfield,CT,Thursday,11/27/2025,
Open Mat,Thanksgiving Day Open Mat,Alliance BJJ,Westborough,MA,Thursday,11/27/2025,
Open Mat,Thanksgiving Day Open Mat,Underdog MMA,West Hartford,CT,Thursday,11/27/2025,
Open Mat,Thanksgiving Day Open Mat,Imperium Martial Arts,North Reading,MA,Thursday,11/27/2025,
Open Mat,Thanksgiving Day Open Mat,CT Combat Training Center,Oakville,CT,Thursday,11/27/2025,
Open Mat,Holiday Open Mat,Ironhold Jiu Jitsu,Agawam,MA,Thursday,11/27/2025,
Open Mat,Holiday Open Mat,Connors MMA,Norwood,MA,Thursday,11/27/2025,
Open Mat,Thanksgiving Day Open Mat,South Boston BJJ,Boston,MA,Thursday,11/27/2025,
Open Mat,Thanksgiving Day Open Mat,Versus Jiujitsu,Natick,MA,Thursday,11/27/2025,
Open Mat,Thanksgiving Day Open Mat,Primal Jiujitsu,Derry,NH,Thursday,11/27/2025,
Open Mat,Thanksgiving Day Open Mat,Pajama Strangle Time,Providence,RI,Thursday,11/27/2025,
Open Mat,Thanksgiving Day Open Mat,South Shore Sportfighting,Rockland,MA,Thursday,11/27/2025,
Open Mat,Holiday Open Mat,Precision Jiujitsu,Hudson,NH,Thursday,11/27/2025,
Open Mat,Thanksgiving Day Open Mat,Giannetti Martial Arts,Whitman,MA,Thursday,11/27/2025,
Open Mat,Thanksgiving Gi Turkey Rolls,Clandestine Submissions,Sanford,ME,Thursday,11/27/2025,
Open Mat,Thanksgiving Day Open Mat,Flow State Fighting,Tolland,CT,Thursday,11/27/2025,
Open Mat,Thanksgiving Day Open Mat,Seaside Jiu Jitsu,Lynn,MA,Thursday,11/27/2025,
Charity Event,Roll for Jamaica,Integrated Martial Arts,Worcester,MA,Thursday,11/27/2025,
Charity Event,Turkey Roll - Food Drive,Gentle Art Dojo,Chelmsford,MA,Thursday,11/27/2025,
Open House,Holiday Open Mat,CT Submission Grappling,Bridgeport,CT,Friday,11/28/2025,
Open Mat,Holiday Open Mat,Atom JiuJitsu,Newton,MA,Friday,11/28/2025,
Open Mat,Holiday Open Mat,Ironhold Jiu Jitsu,Agawam,MA,Friday,11/28/2025,
Open Mat,Holiday Open Mat,Connors MMA,Norwood,MA,Friday,11/28/2025,
Open Mat,Holiday Open Mat,Radius Martial Arts,Fairfield,CT,Friday,11/28/2025,
Open Mat,Holiday Open Mat,Precision Jiujitsu,Hudson,NH,Friday,11/28/2025,
Open Mat,Holiday Open Mat,Unit 232,Littleton,MA,Friday,11/28/2025,
Open Mat,Black Friday No Gi Open Mat,Clandestine Submissions,Sanford,ME,Friday,11/28/2025,
Women's Only,Women’s Only Open Mat,Bazzani Martial Arts,Nashua,NH,Saturday,11/29/2025,
Seminar,Seminar + Charity Benefit,BTT Boston,Everett,MA,Saturday,11/29/2025,
Seminar,Roberto Maia,Boston BJJ,Woburn,MA,Saturday,11/29/2025,
Open Mat,Holiday Open Mat,DF Fitness,Gloucester,MA,Saturday,11/29/2025,
Comp,Grappling Industries,,Newtown,CT,Saturday,11/29/2025,
Seminar,Murilo Santana,Fit Club BJJ,Fairfield,CT,Sunday,11/30/2025,
Seminar,Sarah Rose,Integrated Martial Arts,Worcester,MA,Monday,12/01/2025,
Seminar,Ace Gonzalez,Whaling City Athletic Club,New London,CT,Tuesday,12/02/2025,
Women's Only,Mat Sisters - Women’s Open Mat,Team Lawton Martial Arts,Farmingdale,ME,Friday,12/05/2025,
Seminar,Diogo “Moreno” Araujo,Fit Club BJJ,Fairfield,CT,Friday,12/05/2025,
Seminar,Pete The Greek Letsos,Clandestine Submissions,Sanford,ME,Friday,12/05/2025,
Seminar,Pete The Greek Letsos,South Boston BJJ,Boston,MA,Saturday,12/06/2025,
Seminar,Mat Santos,USMMA,Bellingham,MA,Saturday,12/06/2025,
Seminar,Hiago George,Fight Sports Boston,New Bedford,MA,Saturday,12/06/2025,
Kids Event,Kids “Kumite” Tournamet,Vermont BJJ Academy,Williston,VT,Saturday,12/06/2025,
Comp (Invite),World Championship Grappling,,Sturbridge,MA,Saturday,12/06/2025,
Comp (Invite),Boston University Invitational,Boston University,Boston,MA,Saturday,12/06/2025,
Women's Only,Women’s Only Open Mat,Radius Martial Arts,Fairfield,CT,Sunday,12/07/2025,
Seminar,Marcelo Siqueira,Off Your Back Academy,Londonderry,NH,Sunday,12/07/2025,
Open Mat,Mega Mat Open Mat,Playground JiuJitsu,E. Providence,RI,Sunday,12/07/2025,
Seminar,Pete The Greek Letsos,Team Santos,Pawtucket,RI,Tuesday,12/09/2025,
Seminar,Rodrigo Gracie,Royce Gracie Academy,Glastonbury,CT,Wednesday,12/10/2025,
Seminar,Pete The Greek Letsos,Worcester MMA,Worcester,MA,Thursday,12/11/2025,
Women's Only,Women’s Only Open Mat,Fenix BJJ,Woburn,MA,Saturday,12/13/2025,
Seminar,Jean “Dalua” Cartagena,Integrated Martial Arts,Worcester,MA,Saturday,12/13/2025,
Seminar,Robert Correa & Celsinho Vinicus,Renzo Gracie Academy,Smithfield,RI,Saturday,12/13/2025,
Comp (Invite),Super Fight for a Cause,,Hyannis,MA,Saturday,12/13/2025,
Women's Only,Women’s Only Open Mat,Balance Point BJJ,Milford,NH,Sunday,12/14/2025,
Seminar,Gabriel Gonzaga,Vaca BJJ,W. Springfield,MA,Sunday,12/14/2025,
Seminar,Mayara Custodio,Blue Collar Jiu Jitsu,Mendon,MA,Sunday,12/14/2025,
Open Mat,Holiday Open Mat,CT Submission Grappling,Bridgeport,CT,Friday,12/19/2025,
Women's Only,Women’s Only Open Mat,Nostros MMA,Somersworth,NH,Saturday,12/20/2025,
Seminar,Fernanda and Michelle,Defensive Edge MMA,Wakefield,MA,Saturday,12/20/2025,
Open House,1 Year Anivsry - Open Mat/BBQ,Atom JiuJitsu,Newton,MA,Saturday,12/20/2025,
Seminar,Joe Moreira,Team Moreira,Biddeford,ME,Sunday,12/21/2025,
Open Mat,Holiday Open Mat,The Dojo,Westport,CT,Wednesday,12/24/2025,
Open Mat,Christmas Eve Open Mat,Burgess MMA,Manchester,NH,Wednesday,12/24/2025,
Open Mat,Holiday Open Mat,Connors MMA,Norwood,MA,Wednesday,12/24/2025,
Open Mat,Holiday Open Mat,Team Flo,Tyngsboro,MA,Wednesday,12/24/2025,
Open Mat,Holiday Open Mat,South Boston BJJ,Boston,MA,Wednesday,12/24/2025,
Open Mat,Christmas Eve Open Mat,Gentle Art Dojo,Littleton,MA,Wednesday,12/24/2025,
Open Mat,Holiday Open Mat,CT Submission Grappling,Bridgeport,CT,Wednesday,12/24/2025,
Open Mat,Holiday Open Mat,Precision Jiujitsu,Hudson,NH,Wednesday,12/24/2025,
Open Mat,Holiday Open Mat,Radius Martial Arts,Fairfield,CT,Wednesday,12/24/2025,
Open Mat,Holiday Open Mat,Primal Jiujitsu,Derry,NH,Wednesday,12/24/2025,
Open Mat,Holiday Open Mat,Atom JiuJitsu,Newton,MA,Wednesday,12/24/2025,
Open Mat,Holiday Open Mat,Pajama Strangle Time,Providence,RI,Wednesday,12/24/2025,
Open Mat,Christmas Eve Open Mat,CT Combat Training Center,Oakville,CT,Wednesday,12/24/2025,
Open Mat,Christmas Eve Open Mat,Giannetti Martial Arts,Whitman,MA,Wednesday,12/24/2025,
Open Mat,Holiday Open Mat,Balance Point BJJ,Milford,NH,Wednesday,12/24/2025,
Open Mat,Holiday Open Mat,Unit 232,Littleton,MA,Wednesday,12/24/2025,
Open Mat,Holiday Open Mat,Connors MMA,Norwood,MA,Thursday,12/25/2025,
Open Mat,Holiday Open Mat,South Boston BJJ,Boston,MA,Thursday,12/25/2025,
Open Mat,Holiday Open Mat,CT Submission Grappling,Bridgeport,CT,Thursday,12/25/2025,
Open Mat,Holiday Open Mat,Unit 232,Littleton,MA,Thursday,12/25/2025,
Open Mat,Holiday Open Mat,Unit 232,Littleton,MA,Friday,12/26/2025,
Comp,Grappling Industries,,Milford,NH,Sunday,12/28/2025,
Open Mat,New Years Open Mat,Hammer Jiu Jitsu,Fairfield,CT,Wednesday,12/31/2025,
Open Mat,New Years Open Mat,Port City BJJ,Kittery,ME,Wednesday,12/31/2025,
Open Mat,New Years Open Mat,Team Link NH,Hooksett,NH,Wednesday,12/31/2025,
Open Mat,New Years Open Mat,RedZone Jiu Jitsu,Monroe,CT,Wednesday,12/31/2025,
Open Mat,New Years Open Mat,Dandelion BJJ,West Haven,CT,Wednesday,12/31/2025,
Open Mat,New Years Open Mat,Pajama Strangle Time,Providence,RI,Wednesday,12/31/2025,
Open Mat,New Years Open Mat,Balance Point BJJ,Milford,NH,Wednesday,12/31/2025,
Open Mat,New Years Open Mat,Atom JiuJitsu,Newton,MA,Wednesday,12/31/2025,
Open Mat,New Years Open Mat,NESF,Arlington,MA,Wednesday,12/31/2025,
Open Mat,New Years Open Mat,Giannetti Martial Arts,Whitman,MA,Wednesday,12/31/2025,
Open Mat,New Years Open Mat,Precision Jiujitsu,Hudson,NH,Wednesday,12/31/2025,
Open Mat,New Years Open Mat,CT Submission Grappling,Bridgeport,CT,Wednesday,12/31/2025,
Open Mat,New Years Open Mat,Gracie Gym,Windham,ME,Thursday,01/01/2026,
Open Mat,New Years Open Mat,Port City BJJ,Kittery,ME,Thursday,01/01/2026,
Open Mat,New Years Open Mat,Team Link NH,Hooksett,NH,Thursday,01/01/2026,
Open Mat,New Years Open Mat,Pajama Strangle Time,Providence,RI,Thursday,01/01/2026,
Open Mat,New Years Open Mat,Balance Point BJJ,Milford,NH,Thursday,01/01/2026,
Open Mat,New Years Open Mat,Mass BJJ The Valley,Devens,MA,Thursday,01/01/2026,
Open Mat,New Years Open Mat,CT Submission Grappling,Bridgeport,CT,Thursday,01/01/2026,
Open Mat,New Years Open Mat,Underdog MMA,West Hartford,CT,Friday,01/02/2026,
Comp,Grappling Industries,,Boston,MA,Saturday,01/03/2026,
Comp (Invite),Reality Righting,Mohegan Sun Arena,Uncasville,CT,Saturday,01/03/2026,
Women's Only,Women’s Only Open Mat,Radius Martial Arts,Fairfield,CT,Sunday,01/04/2026,
Open Mat,Mega Mat Open Mat,Coventry BJJ,Coventry,RI,Sunday,01/04/2026,
Open Mat,Women’s Only Open Mat,Fenix BJJ,Tewksbury,MA,Saturday,01/10/2026,
Seminar,Paulo PiuPiu Silva,Brabos Brazilian Jiu Jiutsu,North Andover,MA,Saturday,01/10/2026,
Seminar,Diego Pato,Morselli Jiu Jitsu,Taunton,MA,Saturday,01/10/2026,
Seminar,Marcos Cunha,TMC Danbury BJJ,Danbury,CT,Saturday,01/10/2026,
Grand Opening,Leverage Jiu Jitsu Grand Opening,Leverage Jiu Jitsu,Concord,NH,Saturday,01/10/2026,
Women's Only,True Strength All Levels Event,RedZone Jiu Jitsu,Monroe,CT,Sunday,01/11/2026,
Women's Only,Women’s Only Open Mat,Team Flo,Tyngsboro,MA,Tuesday,01/13/2026,
Seminar,Marcelo Alonso,Kevin Watson BJJ,Dover,NH,Saturday,01/17/2026,
Comp,Gaman Submission Challenge,,Newtown,CT,Saturday,01/17/2026,
Comp (Invite),Fight Back - Women’s Only Invtnl.,Integrated Martial Arts,West Boylston,MA,Saturday,01/17/2026,
Comp (Invite),Flow Sub Only Underground 6,,Rockland,ME,Saturday,01/17/2026,
Open Mat,Spar Club Open Sparring,Iron Lion Team,Bridgeport,CT,Sunday,01/18/2026,
Seminar,Nick Fiore,Z Team Jiu Jitsu,Fitchburg,MA,Wednesday,01/21/2026,
Seminar,Luigi Mondelli,Technique BJJ,Prospect,CT,Saturday,01/24/2026,
Seminar,Shawn Melanson,Alpha Nerds Facility,Natick,MA,Saturday,01/24/2026,
Seminar,Carlos Henrique,Carlson Gracie Team CT,Stamford,CT,Saturday,01/24/2026,
Seminar,Johnny Durett,Underdog MMA,W. Hartford,CT,Saturday,01/24/2026,
Grand Opening,Flow With The Go Grand Opening,Flow With The Go Jiu Jitsu,Seabrook,NH,Saturday,01/24/2026,
Open House,Promotion + Anniv Party,Gracie Litchfield Hills,Torrington,CT,Saturday,01/24/2026,
Open House,SBG East Coast Open House,SBG East Coast,Dartmouth,MA,Saturday,01/24/2026,
Women's Only,Women’s Only Open Mat,Gate City MMA,Nashua,NH,Sunday,01/25/2026,
Open Mat,Spar Club Open Sparring,Iron Lion Team,Bridgeport,CT,Sunday,01/25/2026,
Seminar,Walter Cotito,Elements MMA,Keene,NH,Friday,01/30/2026,
Seminar,Justin “JFLO” Flores,Summit Jiu Jitsu,Stamford,CT,Friday,01/30/2026,
Seminar,Phil Cardella,Gracie Jiu Jitsu,Berlin,CT,Saturday,01/31/2026,
Seminar,Brian Glick,Sig Sauer Academy,Epping,NH,Saturday,01/31/2026,
Comp,NAGA Grappling,,Tiverton,RI,Saturday,01/31/2026,
Women's Only,Chokes For Chicks,Pajama Strangle Time,Providence,RI,Sunday,02/01/2026,
Seminar,Edvaldo Maguila,Cesario Team Bjj,Leominster,MA,Sunday,02/01/2026,
Seminar,Eduardo Duda Dias,Gracie Barra,South Portland,ME,Sunday,02/01/2026,
Open Mat,Mega Mat Open Mat,Pajama Strangle Time,Providence,RI,Sunday,02/01/2026,
Open Mat,Chokes and Jokes,Pajama Strangle Time,Providence,RI,Thursday,02/05/2026,
Seminar,Priit Mihkelson,Greenwich Jiu Jiutsu Academy,Greenwich,CT,Friday,02/06/2026,
Seminar,Priit Mihkelson,Greenwich Jiu Jiutsu Academy,Greenwich,CT,Friday,02/06/2026,
Open House,1 Year Anivsry - Open Mat/Party,RedZone Jiu Jitsu,Monroe,CT,Friday,02/06/2026,
Seminar,Serge Bouyssou,Elevate Dojo,Exeter,RI,Saturday,02/07/2026,02/02/2026
Seminar,Eduardo Duda Dias,Gracie Barra,Peabody,MA,Saturday,02/07/2026,
Seminar,Junny Ocasio,Clandestine Submissions,Sanford,ME,Saturday,02/07/2026,
Seminar,Kevin Watson,Flow BJJ,Rockland,ME,Sunday,02/08/2026,
Comp,Gaman Mass Open,,Tyngsboro,MA,Sunday,02/08/2026,
Women's Only,Women’s Only Open Mat,Fenix BJJ,Woburn,MA,Saturday,02/14/2026,02/02/2026
Women's Only,Women’s Only Open Mat,Leverage Jiu Jitsu,Concord,NH,Saturday,02/14/2026,02/02/2026
Comp,Gaman Connecticut Open,,Newtown,CT,Saturday,02/14/2026,
Comp,United Grappling,,Danbury,CT,Sunday,02/15/2026,
Seminar,Roberto Maia,North Shore Bjj,Salem,MA,Saturday,02/21/2026,02/02/2026
Seminar,Meyram Maquine,BTT Boston,Everett,MA,Saturday,02/21/2026,
Seminar,Joel Bane,Technique BJJ,Prospect,CT,Saturday,02/21/2026,
Comp,World Championship Grappling,,Sturbridge,MA,Saturday,02/21/2026,
Comp,Grappling Industries,,Milford,NH,Saturday,02/21/2026,
Comp (Invite),Combat Zone 91,,Manchester,NH,Saturday,02/21/2026,
Seminar,Gabriel Sousa,RedZone Jiu Jitsu,Monroe,CT,Sunday,02/22/2026,
Women's Only,Women’s Only Open Mat,Gate City MMA,Nashua,NH,Sunday,02/22/2026,
Seminar,Joel Bane,Technique BJJ,Prospect,CT,Sunday,02/22/2026,
Open Mat,Winter Open Mat + Potluck,Black Wolf Martial Arts,Madison,CT,Sunday,02/22/2026,02/02/2026
Seminar,Placido Santos,First Colony BJJ,Marblehead,MA,Monday,02/23/2026,
Women's Only,Mat Sisters - Women’s Open Mat,Team Lawton Martial Arts,Farmingdale,ME,Friday,02/27/2026,02/02/2026
Seminar,Anderson Silverio - White Belt Only,Team Forsa,Woburn,MA,Saturday,02/28/2026,
Seminar,Alex West,Integrated Martial Arts,Worcester,MA,Saturday,02/28/2026,
Comp (Invite),Imperium Jiu Jitsu Tournament,Imperium Martial Arts,North Reading,MA,Saturday,02/28/2026,
Comp,NAGA Grappling,,Hanover,MA,Saturday,02/28/2026,
Women's Only,True Strength Advanced Only,FITE Fit ,Glastonbury,CT,Saturday,03/07/2026,02/02/2026
Comp (Invite),TLP Saint Patrick’s Grappling Clash,,Windsor,CT,Saturday,03/07/2026,
Kids Event,Free Jiu Jitsu Seminar,Steeple City Jiu Jitsu,North Adams,MA,Saturday,03/07/2026,
Women's Only,Mayara Custodio - Seminar,Renzo Gracie Academy,Smithfield,RI,Sunday,03/08/2026,
Comp,Fuji BJJ,,Wakefield,MA,Sunday,03/08/2026,
Seminar,Luke Griffith,BSF,Boston,MA,Saturday,03/14/2026,02/02/2026
Seminar,Wellington Megaton Dias,Sardinha BJJ,Hyannis,MA,Saturday,03/14/2026,
Seminar,Luke Griffith,Blood Sweat and Tears,Peabody,MA,Sunday,03/15/2026,02/02/2026
Comp,United Grappling,,Boston,MA,Sunday,03/15/2026,
Seminar,Greg Souders,South Boston BJJ,Boston,MA,Saturday,03/21/2026,02/02/2026
Seminar,Marcus Buchecha,Daniel Gracie Academy,Northborough,MA,Saturday,03/21/2026,
Comp,United Grappling,,Derry,NH,Saturday,03/28/2026,
Women's Only,Women’s Only Open Mat,Gate City MMA,Nashua,NH,Sunday,03/29/2026,
Comp,Grappling Industries,,Boston,MA,Saturday,04/04/2026,
Comp,Grappling Industries,,Warwick,RI,Saturday,04/11/2026,
Women's Only,True Strength All Levels Event,Technique BJJ,Prospect,CT,Sunday,04/19/2026,
Comp,Tap Cancer Out,,Fairfield,CT,Saturday,05/02/2026,
Comp,IBJJF Boston Spring Open,,Boston,MA,Saturday,05/09/2026,
Comp,IBJJF Boston Spring Open,,Boston,MA,Sunday,05/10/2026,
Comp,Grappling Industries,,Milford,NH,Saturday,05/23/2026,
Kids Event,Black Fly Kids Northeast Comp,,Rangeley,ME,Sunday,06/21/2026,
Comp,Grappling Industries,,Boston,MA,Saturday,07/11/2026,
Comp,New Breed Jiu Jitsu,,Newtown,CT,Saturday,07/18/2026,
Seminar,Defensive Edge Camp,,Sturbridge,MA,Friday,08/07/2026,
Seminar,Defensive Edge Camp,,Sturbridge,MA,Saturday,08/08/2026,
Seminar,Defensive Edge Camp,,Sturbridge,MA,Sunday,08/09/2026,
Comp,Grappling Industries,,Milford,NH,Saturday,08/15/2026,
Comp,Grappling Industries,,Warwick,RI,Saturday,09/05/2026,
Comp,Grappling Industries,,Boston,MA,Saturday,10/10/2026,
Comp,Grappling Industries,,Milford,NH,Saturday,11/07/2026,
Comp,Tap Cancer Out,,Boston,MA,Saturday,11/14/2026,
Comp,Tap Cancer Out,,Boston,MA,Sunday,11/15/2026,